YUV,Resolution,BD-BRate,BD-PSNR_Y,Time_Difference
b'BlowingBubbles,416x240,2.3834114834119458,-0.09020465139603691,1189.898534078785
